{
  "initialization_time": 0.48421192169189453,
  "execution_time": 176.46767592430115,
  "total_time": 176.95188784599304
}