{
  "initialization_time": 0.38862109184265137,
  "execution_time": 152.1345179080963,
  "total_time": 152.52313899993896
}