{
  "initialization_time": 0.4991269111633301,
  "execution_time": 143.26294493675232,
  "total_time": 143.76207184791565
}