{
  "initialization_time": 0.39394092559814453,
  "execution_time": 142.9384162425995,
  "total_time": 143.33235716819763
}