{
  "initialization_time": 0.37441182136535645,
  "execution_time": 128.13812518119812,
  "total_time": 128.51253700256348
}