{
  "initialization_time": 0.37047910690307617,
  "execution_time": 133.20426297187805,
  "total_time": 133.57474207878113
}