{
  "initialization_time": 0.38857007026672363,
  "execution_time": 147.87191081047058,
  "total_time": 148.2604808807373
}