{
  "initialization_time": 0.37293004989624023,
  "execution_time": 161.90912294387817,
  "total_time": 162.2820529937744
}