{
  "initialization_time": 0.38357090950012207,
  "execution_time": 162.75971698760986,
  "total_time": 163.14328789710999
}